unit,abst-1,abst-2
u1,Ectopic,Ectopic
u2,Ectopic,Ectopic
u3,Ectopic,Ectopic
u4,Ectopic,Ectopic
u5,Ectopic,Ectopic
u6,Ectopic,Ectopic
u7,Ectopic,Ectopic
u8,Ectopic,Ectopic
u9,Ectopic,Ectopic
u10,Ectopic,Ectopic
u11,Ectopic,Ectopic
u12,Ectopic,Ectopic
u13,Ectopic,Ectopic
u14,AIU,AIU
u15,AIU,AIU
u16,AIU,AIU
u17,AIU,AIU
u18,AIU,AIU
u19,AIU,AIU
u20,AIU,AIU
u21,AIU,AIU
u22,AIU,AIU
u23,AIU,AIU
u24,AIU,AIU
u25,AIU,AIU
u26,AIU,AIU
u27,AIU,AIU
u28,AIU,AIU
u29,AIU,AIU
u30,AIU,AIU
u31,AIU,AIU
u32,AIU,AIU
u33,AIU,AIU
u34,AIU,NIU
u35,AIU,NIU
u36,AIU,NIU
u37,AIU,NIU
u38,AIU,NIU
u39,AIU,NIU
u40,AIU,NIU
u41,NIU,AIU
u42,NIU,AIU
u43,NIU,AIU
u44,NIU,AIU
u45,NIU,NIU
u46,NIU,NIU
u47,NIU,NIU
u48,NIU,NIU
u49,NIU,NIU
u50,NIU,NIU
u51,NIU,NIU
u52,NIU,NIU
u53,NIU,NIU
u54,NIU,NIU
u55,NIU,NIU
u56,NIU,NIU
u57,NIU,NIU
u58,NIU,NIU
u59,NIU,NIU
u60,NIU,NIU
u61,NIU,NIU
u62,NIU,NIU
u63,NIU,NIU
u64,NIU,NIU
u65,NIU,NIU
u66,NIU,NIU
u67,NIU,NIU
u68,NIU,NIU
u69,NIU,NIU
u70,NIU,NIU
u71,NIU,NIU
u72,NIU,NIU
u73,NIU,NIU
u74,NIU,NIU
u75,NIU,NIU
u76,NIU,NIU
u77,NIU,NIU
u78,NIU,NIU
u79,NIU,NIU
u80,NIU,NIU
u81,NIU,NIU
u82,NIU,NIU
u83,NIU,NIU
u84,NIU,NIU
u85,NIU,NIU
u86,NIU,NIU
u87,NIU,NIU
u88,NIU,NIU
u89,NIU,NIU
u90,NIU,NIU
u91,NIU,NIU
u92,NIU,NIU
u93,NIU,NIU
u94,NIU,NIU
u95,NIU,NIU
u96,NIU,NIU
u97,NIU,NIU
u98,NIU,NIU
u99,NIU,NIU
u100,NIU,NIU
