unit,rater,rating,note
resp-01,rev-ana,pass,
resp-01,rev-ben,pass,
resp-02,rev-ana,pass,
resp-02,rev-ben,fail,missed the empty-list case
resp-03,rev-ana,fail,
resp-03,rev-ben,fail,
resp-04,rev-ana,fail,
resp-04,rev-ben,fail,
resp-05,rev-ana,pass,
resp-05,rev-ben,pass,
resp-06,rev-ana,pass,
resp-06,rev-ben,pass,
resp-07,rev-ana,fail,
resp-07,rev-ben,pass,says size=0 loops forever; range() raises ValueError
resp-08,rev-ana,pass,
resp-08,rev-ben,pass,
resp-09,rev-ana,fail,
resp-09,rev-ben,fail,
resp-10,rev-ana,pass,
resp-10,rev-ben,pass,
resp-11,rev-ana,fail,
resp-11,rev-ben,fail,
resp-12,rev-ana,pass,
resp-12,rev-ben,pass,
resp-13,rev-ana,pass,
resp-13,rev-ben,fail,
resp-14,rev-ana,fail,
resp-14,rev-ben,fail,
resp-15,rev-ana,pass,
resp-15,rev-ben,pass,
resp-16,rev-ana,fail,
resp-16,rev-ben,pass,
